"RefMetadataComponentId","RefMetadataComponentType","RefMetadataComponentName","MetadataComponentId","MetadataComponentType","MetadataComponentName"
"01p04000000DuboAAC","ApexClass","TriggerControl","01p04000000DzHtAAK","ApexClass","CreditNoteTriggerHandlerTest"
"01p04000000DuboAAC","ApexClass","TriggerControl","01p04000000E2D5AAK","ApexClass","CPQ_OrderProductTriggerHandlerTest"
"01p04000000DuboAAC","ApexClass","TriggerControl","01p04000000EsFRAA0","ApexClass","CPQ_ActivateOrderBatchTest"
"01p04000000DucDAAS","ApexClass","ApprovalAPI","01p04000000DzHTAA0","ApexClass","CPQRecallOpportunityApproval"
"01p04000000DucDAAS","ApexClass","ApprovalAPI","01p04000000DzHXAA0","ApexClass","CPQSubmitManagedClauseApproval"
"01p04000000DucDAAS","ApexClass","ApprovalAPI","01p04000000DzHZAA0","ApexClass","CPQSubmitOpportunityApproval"
"01p04000000DucDAAS","ApexClass","ApprovalAPI","01p04000000DzHaAAK","ApexClass","CPQSubmitQuoteApproval"
"01p04000000DucDAAS","ApexClass","ApprovalAPI","01p04000000DzHgAAK","ApexClass","CaseAAExtController"
"01p04000000DucDAAS","ApexClass","ApprovalAPI","01p04000000DzHnAAK","ApexClass","ContractExtController"
"01p04000000DucDAAS","ApexClass","ApprovalAPI","01p04000000DzHqAAK","ApexClass","CreditNoteExtController"
"01p04000000DucDAAS","ApexClass","ApprovalAPI","01p04000000DzHyAAK","ApexClass","DebitNoteExtController"
"01p04000000DucDAAS","ApexClass","ApprovalAPI","01p04000000DzIMAA0","ApexClass","ManagedClauseExtController"
"01p04000000DucDAAS","ApexClass","ApprovalAPI","01p04000000DzIWAA0","ApexClass","QuoteExtController"
"01p04000000DucDAAS","ApexClass","ApprovalAPI","01p04000000DzIXAA0","ApexClass","QuoteLineExtController"
"01p04000000DucDAAS","ApexClass","ApprovalAPI","01p04000000DzIcAAK","ApexClass","SubmitCaseAdvancedApproval"
"01p04000000Dud5AAC","ApexClass","RelatedListController","00X04000000M8tTEAS","EmailTemplate","Request_Template"
"01p04000000Dud5AAC","ApexClass","RelatedListController","00X04000000MAbCEAW","EmailTemplate","AA_Case_Requested"
"01p04000000DwfzAAC","ApexClass","UsageDataJobScheduler","08e04000007SkiiAAC","CronTrigger","08e04000007SkiiAAC"
"01p04000000DxN7AAK","ApexClass","FeatureManagement_SchedulableBatch","08e04000009Zne6AAC","CronTrigger","08e04000009Zne6AAC"
"01p04000000DxRRAA0","ApexClass","COTestFactory","01p04000000DzIfAAK","ApexClass","TestAgreementBothTrigger"
"01p04000000DxRRAA0","ApexClass","COTestFactory","01p04000000DzIiAAK","ApexClass","TestManaged_ClauseBothTrigger"
"01p04000000DxRRAA0","ApexClass","COTestFactory","01p04000000ECnwAAG","ApexClass","TestAgreementProcessTrigger"
"01p04000000DxRRAA0","ApexClass","COTestFactory","01p04000000EDGFAA4","ApexClass","TestAgreementStepTrigger"
"01p04000000DxRRAA0","ApexClass","COTestFactory","01p04000000EDsTAAW","ApexClass","TestManaged_ClauseStepTrigger"
"01p04000000DxRSAA0","ApexClass","COTriggerHandler","01q040000008W6MAAU","ApexTrigger","AgreementProcessTrigger"
"01p04000000DxRSAA0","ApexClass","COTriggerHandler","01q040000008WA4AAM","ApexTrigger","AgreementStepTrigger"
"01p04000000DxRSAA0","ApexClass","COTriggerHandler","01q040000008WFYAA2","ApexTrigger","Managed_ClauseStepTrigger"
"01p04000000DxUSAA0","ApexClass","OrchestrateObjectBatch","08e04000008J2MTAA0","CronTrigger","08e04000008J2MTAA0"
"01p04000000DxWKAA0","ApexClass","ScheduleProcessWSCalloutErrors","08e04000007TQWfAAO","CronTrigger","08e04000007TQWfAAO"
"01p04000000DxX8AAK","ApexClass","SynchronizeLicenseJob","08e04000007TQWeAAO","CronTrigger","08e04000007TQWeAAO"
"01p04000000DzHJAA0","ApexClass","AccountTriggerHandler","01p04000000DzHKAA0","ApexClass","AccountTriggerHandlerTest"
"01p04000000DzHJAA0","ApexClass","AccountTriggerHandler","01q040000008UxdAAE","ApexTrigger","AccountTrigger"
"01p04000000DzHLAA0","ApexClass","AdvApprovalTriggerHandler","01q040000008UxeAAE","ApexTrigger","AdvApprovalTrigger"
"01p04000000DzHMAA0","ApexClass","AdvApprovalTriggerUtils","01q040000008UxeAAE","ApexTrigger","AdvApprovalTrigger"
"01p04000000DzHOAA0","ApexClass","AssignmentTriggerHandler","01q040000008UxfAAE","ApexTrigger","AssignmentTrigger"
"01p04000000DzHPAA0","ApexClass","BillingCPQFormulaTriggerHandler","01q040000008UxgAAE","ApexTrigger","BillingCPQFormulaTrigger"
"01p04000000DzHQAA0","ApexClass","BillingEventTriggerHandler","01q040000008UxhAAE","ApexTrigger","BillingEventTrigger"
"01p04000000DzHTAA0","ApexClass","CPQRecallOpportunityApproval","01p04000000DzHUAA0","ApexClass","CPQRecallOpportunityApprovalTEst"
"01p04000000DzHVAA0","ApexClass","CPQSubmitLegalAgreementApproval","01p04000000DzHWAA0","ApexClass","CPQSubmitLegalAgreementApprovalTest"
"01p04000000DzHXAA0","ApexClass","CPQSubmitManagedClauseApproval","01p04000000DzHYAA0","ApexClass","CPQSubmitManagedClauseApprovalTest"
"01p04000000DzHbAAK","ApexClass","CPQ_InvoiceLineTriggerHandler","01q040000008VGBAA2","ApexTrigger","CPQ_InvoiceLineTrigger"
"01p04000000DzHdAAK","ApexClass","CPQ_OrderProductTriggerHandler","01p04000000E2NNAA0","ApexClass","OrderTriggerHandlerTest"
"01p04000000DzHdAAK","ApexClass","CPQ_OrderProductTriggerHandler","01q040000008UxpAAE","ApexTrigger","OrderProductTrigger"
"01p04000000DzHeAAK","ApexClass","CPQ_TestDataFactory","01p04000000DzHfAAK","ApexClass","CPQ_TestDataFactory_Test"
"01p04000000DzHeAAK","ApexClass","CPQ_TestDataFactory","01p04000000DzITAA0","ApexClass","OpportunityForecastingTest"
"01p04000000DzHgAAK","ApexClass","CaseAAExtController","01p04000000DzHhAAK","ApexClass","CaseAAExtControllerTest"
"01p04000000DzHgAAK","ApexClass","CaseAAExtController","066040000008a0QAAQ","ApexPage","RecallCase"
"01p04000000DzHgAAK","ApexClass","CaseAAExtController","066040000008a0XAAQ","ApexPage","SubmitCase"
"01p04000000DzHiAAK","ApexClass","CaseAssignmentRules","01p04000000DzIgAAK","ApexClass","TestCaseAssignmentRulesSingleRecord"
"01p04000000DzHjAAK","ApexClass","CloseOutChecklistController","01p04000000DzIhAAK","ApexClass","TestCloseOutChecklistController"
"01p04000000DzHjAAK","ApexClass","CloseOutChecklistController","066040000008a0IAAQ","ApexPage","CloseOutChecklist"
"01p04000000DzHkAAK","ApexClass","ContactTriggerHandler","01q040000008UxkAAE","ApexTrigger","ContactTrigger"
"01p04000000DzHnAAK","ApexClass","ContractExtController","01p04000000DzHoAAK","ApexClass","ContractExtControllerTest"
"01p04000000DzHnAAK","ApexClass","ContractExtController","066040000008a0RAAQ","ApexPage","RecallContract"
"01p04000000DzHnAAK","ApexClass","ContractExtController","066040000008a0YAAQ","ApexPage","SubmitContract"
"01p04000000DzHpAAK","ApexClass","ContractUpdateTriggerHandler","01p04000000DzIkAAK","ApexClass","Test_ContractUpdateTrigger"
"01p04000000DzHqAAK","ApexClass","CreditNoteExtController","01p04000000DzHrAAK","ApexClass","CreditNoteExtControllerTests"
"01p04000000DzHqAAK","ApexClass","CreditNoteExtController","066040000008a0SAAQ","ApexPage","RecallCreditNote"
"01p04000000DzHqAAK","ApexClass","CreditNoteExtController","066040000008a0ZAAQ","ApexPage","SubmitCreditNote"
"01p04000000DzHsAAK","ApexClass","CreditNoteTriggerHandler","01q040000008UxmAAE","ApexTrigger","CreditNoteTrigger"
"01p04000000DzHuAAK","ApexClass","CustomRequestApprovalController","01p04000000DzHvAAK","ApexClass","CustomRequestApprovalControllerTest"
"01p04000000DzHuAAK","ApexClass","CustomRequestApprovalController","066040000008a0JAAQ","ApexPage","CustomRequestApproval"
"01p04000000DzHwAAK","ApexClass","DealReview","01p04000000DzHxAAK","ApexClass","DealReviewTest"
"01p04000000DzHwAAK","ApexClass","DealReview","066040000008a0KAAQ","ApexPage","DealReview"
"01p04000000DzHyAAK","ApexClass","DebitNoteExtController","01p04000000DzHzAAK","ApexClass","DebitNoteExtControllerTests"
"01p04000000DzHyAAK","ApexClass","DebitNoteExtController","066040000008a0TAAQ","ApexPage","RecallDebitNote"
"01p04000000DzHyAAK","ApexClass","DebitNoteExtController","066040000008a0aAAA","ApexPage","SubmitDebitNote"
"01p04000000DzI0AAK","ApexClass","DebitNoteTriggerHandler","01q040000008UxnAAE","ApexTrigger","DebitNoteTrigger"
"01p04000000DzI2AAK","ApexClass","DisplayTermInputs","01p04000000DzI3AAK","ApexClass","DisplayTermInputsTest"
"01p04000000DzI2AAK","ApexClass","DisplayTermInputs","066040000008a0LAAQ","ApexPage","DisplayTermInputs"
"01p04000000DzI4AAK","ApexClass","DocumentNumberService","01p04000000DzI5AAK","ApexClass","DocumentNumberServiceTest"
"01p04000000DzI4AAK","ApexClass","DocumentNumberService","01p04000000DzICAA0","ApexClass","InvoiceDocumentNumberBatchable"
"01p04000000DzI4AAK","ApexClass","DocumentNumberService","01p04000000E1HLAA0","ApexClass","OrderTriggerHandler"
"01p04000000DzI6AAK","ApexClass","ErrorLogUtil","01p04000000DzI4AAK","ApexClass","DocumentNumberService"
"01p04000000DzI6AAK","ApexClass","ErrorLogUtil","01p04000000DzI7AAK","ApexClass","ErrorLogUtilTest"
"01p04000000DzI6AAK","ApexClass","ErrorLogUtil","01p04000000DzICAA0","ApexClass","InvoiceDocumentNumberBatchable"
"01p04000000DzI6AAK","ApexClass","ErrorLogUtil","01p04000000DzIEAA0","ApexClass","InvoiceDocumentNumberSchedulable"
"01p04000000DzI6AAK","ApexClass","ErrorLogUtil","01p04000000DzIlAAK","ApexClass","UsageCreationBatch"
"01p04000000DzI8AAK","ApexClass","FlowINClauseActionClass","01p04000000DzI9AAK","ApexClass","FlowINClauseActionClassTest"
"01p04000000DzIAAA0","ApexClass","InPeriodOpps","01p04000000DzIBAA0","ApexClass","InPeriodOppsTest"
"01p04000000DzIAAA0","ApexClass","InPeriodOpps","066040000008a0MAAQ","ApexPage","InPeriodOpps"
"01p04000000DzICAA0","ApexClass","InvoiceDocumentNumberBatchable","01p04000000DzIDAA0","ApexClass","InvoiceDocumentNumberBatchableTest"
"01p04000000DzICAA0","ApexClass","InvoiceDocumentNumberBatchable","01p04000000DzIEAA0","ApexClass","InvoiceDocumentNumberSchedulable"
"01p04000000DzIEAA0","ApexClass","InvoiceDocumentNumberSchedulable","01p04000000DzIFAA0","ApexClass","InvoiceDocumentNumberSchedulableTest"
"01p04000000DzIGAA0","ApexClass","InvoiceHttpCalloutMock","01p04000000E2DKAA0","ApexClass","NegativeInvoiceConversionControllerTest"
"01p04000000DzIHAA0","ApexClass","InvoicePostingBatchable","01p04000000DzIIAA0","ApexClass","InvoicePostingSchedulable"
"01p04000000DzIJAA0","ApexClass","InvoiceReminderEmailBatch","01p04000000DzIKAA0","ApexClass","InvoiceReminderEmailBatchTest"
"01p04000000DzIJAA0","ApexClass","InvoiceReminderEmailBatch","01p04000000DzIZAA0","ApexClass","ScheduledForInvoiceReminder"
"01p04000000DzILAA0","ApexClass","Legal_AgreementExtController","066040000008a0PAAQ","ApexPage","RecalLegalAgreement"
"01p04000000DzILAA0","ApexClass","Legal_AgreementExtController","066040000008a0bAAA","ApexPage","SubmitLegalAgreement"
"01p04000000DzIMAA0","ApexClass","ManagedClauseExtController","01p04000000DzINAA0","ApexClass","ManagedClauseExtControllerTest"
"01p04000000DzIMAA0","ApexClass","ManagedClauseExtController","066040000008a0UAAQ","ApexPage","RecallManagedClause"
"01p04000000DzIMAA0","ApexClass","ManagedClauseExtController","066040000008a0cAAA","ApexPage","SubmitManagedClause"
"01p04000000DzIPAA0","ApexClass","NDACloseOutChecklistController","01p04000000DzIjAAK","ApexClass","TestNDACloseOutChecklistController"
"01p04000000DzIPAA0","ApexClass","NDACloseOutChecklistController","066040000008a0NAAQ","ApexPage","NDACloseOutChecklist"
"01p04000000DzIQAA0","ApexClass","NegativeInvoiceConversionController","01p04000000E2DKAA0","ApexClass","NegativeInvoiceConversionControllerTest"
"01p04000000DzIRAA0","ApexClass","New_CancellationNotice_Controller","066040000008a0OAAQ","ApexPage","New_Cancellation_Notice"
"01p04000000DzISAA0","ApexClass","OpportunityForecasting","01p04000000DzITAA0","ApexClass","OpportunityForecastingTest"
"01p04000000DzIUAA0","ApexClass","OpportunityTriggerHandler","01q040000008UxoAAE","ApexTrigger","OpportunityTrigger"
"01p04000000DzIVAA0","ApexClass","OrderConstantHolder","01p04000000EaUKAA0","ApexClass","AssignmentTriggerHandlerTest"
"01p04000000DzIWAA0","ApexClass","QuoteExtController","066040000008a0VAAQ","ApexPage","RecallQuote"
"01p04000000DzIWAA0","ApexClass","QuoteExtController","066040000008a0dAAA","ApexPage","SubmitQuote"
"01p04000000DzIXAA0","ApexClass","QuoteLineExtController","066040000008a0WAAQ","ApexPage","RecallQuoteLine"
"01p04000000DzIXAA0","ApexClass","QuoteLineExtController","066040000008a0eAAA","ApexPage","SubmitQuoteLine"
"01p04000000DzIZAA0","ApexClass","ScheduledForInvoiceReminder","01p04000000DzIaAAK","ApexClass","ScheduledForInvoiceReminderTest"
"01p04000000DzIcAAK","ApexClass","SubmitCaseAdvancedApproval","01p04000000DzIdAAK","ApexClass","SubmitCaseAdvancedApprovalTest"
"01p04000000DzIeAAK","ApexClass","SubscriptionTriggerHandler","01q040000008UxrAAE","ApexTrigger","SubscriptionTrigger"
"01p04000000DzIlAAK","ApexClass","UsageCreationBatch","01p04000000DzImAAK","ApexClass","UsageCreationBatchCallFromButton"
"01p04000000DzImAAK","ApexClass","UsageCreationBatchCallFromButton","01p04000000DzInAAK","ApexClass","UsageCreationBatchTest"
"01p04000000E0TzAAK","ApexClass","Constants","01p04000000DzHJAA0","ApexClass","AccountTriggerHandler"
"01p04000000E0TzAAK","ApexClass","Constants","01p04000000DzHKAA0","ApexClass","AccountTriggerHandlerTest"
"01p04000000E0TzAAK","ApexClass","Constants","01p04000000DzHdAAK","ApexClass","CPQ_OrderProductTriggerHandler"
"01p04000000E0TzAAK","ApexClass","Constants","01p04000000E1HLAA0","ApexClass","OrderTriggerHandler"
"01p04000000E0TzAAK","ApexClass","Constants","01p04000000E1zwAAC","ApexClass","InvoiceTriggerHandler"
"01p04000000E0TzAAK","ApexClass","Constants","01p04000000E2D5AAK","ApexClass","CPQ_OrderProductTriggerHandlerTest"
"01p04000000E0TzAAK","ApexClass","Constants","01p04000000E2NNAA0","ApexClass","OrderTriggerHandlerTest"
"01p04000000E0TzAAK","ApexClass","Constants","01p04000000EaUKAA0","ApexClass","AssignmentTriggerHandlerTest"
"01p04000000E0TzAAK","ApexClass","Constants","01p04000000EeMKAA0","ApexClass","CPQ_OrderOpportunityEvent"
"01p04000000E0TzAAK","ApexClass","Constants","01p04000000Egy1AAC","ApexClass","GenericPlatformEventHelper"
"01p04000000E0TzAAK","ApexClass","Constants","01p04000000EsBuAAK","ApexClass","CPQ_ActivateOrderBatch"
"01p04000000E0TzAAK","ApexClass","Constants","01p04000000EsFRAA0","ApexClass","CPQ_ActivateOrderBatchTest"
"01p04000000E0U4AAK","ApexClass","CPQ_TestUtils","01p04000000DzHKAA0","ApexClass","AccountTriggerHandlerTest"
"01p04000000E0U4AAK","ApexClass","CPQ_TestUtils","01p04000000DzHcAAK","ApexClass","CPQ_InvoiceLineTriggerHandlerTest"
"01p04000000E0U4AAK","ApexClass","CPQ_TestUtils","01p04000000DzHtAAK","ApexClass","CreditNoteTriggerHandlerTest"
"01p04000000E0U4AAK","ApexClass","CPQ_TestUtils","01p04000000DzI1AAK","ApexClass","DebitNoteTriggerHandlerTest"
"01p04000000E0U4AAK","ApexClass","CPQ_TestUtils","01p04000000E0U9AAK","ApexClass","CPQ_TestUtilsBilling"
"01p04000000E0U4AAK","ApexClass","CPQ_TestUtils","01p04000000E0UJAA0","ApexClass","CPQ_TestsCache"
"01p04000000E0U4AAK","ApexClass","CPQ_TestUtils","01p04000000E2D0AAK","ApexClass","CPQ_ContractTriggerHandlerTest"
"01p04000000E0U4AAK","ApexClass","CPQ_TestUtils","01p04000000E2D5AAK","ApexClass","CPQ_OrderProductTriggerHandlerTest"
"01p04000000E0U4AAK","ApexClass","CPQ_TestUtils","01p04000000E2DFAA0","ApexClass","OpportunityTriggerHandlerTest"
"01p04000000E0U4AAK","ApexClass","CPQ_TestUtils","01p04000000E7j6AAC","ApexClass","SubscriptionTriggerHandlerTest"
"01p04000000E0U4AAK","ApexClass","CPQ_TestUtils","01p04000000EDy2AAG","ApexClass","ContactTriggerHandlerTest"
"01p04000000E0U4AAK","ApexClass","CPQ_TestUtils","01p04000000EeMeAAK","ApexClass","CPQ_OrderOpportunityEventTest"
"01p04000000E0U4AAK","ApexClass","CPQ_TestUtils","01p04000000EgyGAAS","ApexClass","GenericPlatformEventHelperTest"
"01p04000000E0U4AAK","ApexClass","CPQ_TestUtils","01p04000000EsFRAA0","ApexClass","CPQ_ActivateOrderBatchTest"
"01p04000000E0U9AAK","ApexClass","CPQ_TestUtilsBilling","01p04000000DzHKAA0","ApexClass","AccountTriggerHandlerTest"
"01p04000000E0U9AAK","ApexClass","CPQ_TestUtilsBilling","01p04000000DzHcAAK","ApexClass","CPQ_InvoiceLineTriggerHandlerTest"
"01p04000000E0U9AAK","ApexClass","CPQ_TestUtilsBilling","01p04000000DzHtAAK","ApexClass","CreditNoteTriggerHandlerTest"
"01p04000000E0U9AAK","ApexClass","CPQ_TestUtilsBilling","01p04000000DzI1AAK","ApexClass","DebitNoteTriggerHandlerTest"
"01p04000000E0U9AAK","ApexClass","CPQ_TestUtilsBilling","01p04000000E0UJAA0","ApexClass","CPQ_TestsCache"
"01p04000000E0U9AAK","ApexClass","CPQ_TestUtilsBilling","01p04000000E2D5AAK","ApexClass","CPQ_OrderProductTriggerHandlerTest"
"01p04000000E0U9AAK","ApexClass","CPQ_TestUtilsBilling","01p04000000EDy2AAG","ApexClass","ContactTriggerHandlerTest"
"01p04000000E0U9AAK","ApexClass","CPQ_TestUtilsBilling","01p04000000EgyGAAS","ApexClass","GenericPlatformEventHelperTest"
"01p04000000E0UEAA0","ApexClass","TriggerHandler","01p04000000DzHJAA0","ApexClass","AccountTriggerHandler"
"01p04000000E0UEAA0","ApexClass","TriggerHandler","01p04000000DzHKAA0","ApexClass","AccountTriggerHandlerTest"
"01p04000000E0UEAA0","ApexClass","TriggerHandler","01p04000000DzHbAAK","ApexClass","CPQ_InvoiceLineTriggerHandler"
"01p04000000E0UEAA0","ApexClass","TriggerHandler","01p04000000DzHcAAK","ApexClass","CPQ_InvoiceLineTriggerHandlerTest"
"01p04000000E0UEAA0","ApexClass","TriggerHandler","01p04000000DzHdAAK","ApexClass","CPQ_OrderProductTriggerHandler"
"01p04000000E0UEAA0","ApexClass","TriggerHandler","01p04000000DzHkAAK","ApexClass","ContactTriggerHandler"
"01p04000000E0UEAA0","ApexClass","TriggerHandler","01p04000000DzHsAAK","ApexClass","CreditNoteTriggerHandler"
"01p04000000E0UEAA0","ApexClass","TriggerHandler","01p04000000DzHtAAK","ApexClass","CreditNoteTriggerHandlerTest"
"01p04000000E0UEAA0","ApexClass","TriggerHandler","01p04000000DzI0AAK","ApexClass","DebitNoteTriggerHandler"
"01p04000000E0UEAA0","ApexClass","TriggerHandler","01p04000000DzI1AAK","ApexClass","DebitNoteTriggerHandlerTest"
"01p04000000E0UEAA0","ApexClass","TriggerHandler","01p04000000DzIUAA0","ApexClass","OpportunityTriggerHandler"
"01p04000000E0UEAA0","ApexClass","TriggerHandler","01p04000000DzIeAAK","ApexClass","SubscriptionTriggerHandler"
"01p04000000E0UEAA0","ApexClass","TriggerHandler","01p04000000E1HLAA0","ApexClass","OrderTriggerHandler"
"01p04000000E0UEAA0","ApexClass","TriggerHandler","01p04000000E1zwAAC","ApexClass","InvoiceTriggerHandler"
"01p04000000E0UEAA0","ApexClass","TriggerHandler","01p04000000E2D0AAK","ApexClass","CPQ_ContractTriggerHandlerTest"
"01p04000000E0UEAA0","ApexClass","TriggerHandler","01p04000000E2D5AAK","ApexClass","CPQ_OrderProductTriggerHandlerTest"
"01p04000000E0UEAA0","ApexClass","TriggerHandler","01p04000000E2LnAAK","ApexClass","CPQ_ContractTriggerHandler"
"01p04000000E0UEAA0","ApexClass","TriggerHandler","01p04000000E7j6AAC","ApexClass","SubscriptionTriggerHandlerTest"
"01p04000000E0UEAA0","ApexClass","TriggerHandler","01p04000000EDy2AAG","ApexClass","ContactTriggerHandlerTest"
"01p04000000E0UEAA0","ApexClass","TriggerHandler","01p04000000EeMeAAK","ApexClass","CPQ_OrderOpportunityEventTest"
"01p04000000E0UEAA0","ApexClass","TriggerHandler","01p04000000EsFRAA0","ApexClass","CPQ_ActivateOrderBatchTest"
"01p04000000E0UJAA0","ApexClass","CPQ_TestsCache","01p04000000DzHcAAK","ApexClass","CPQ_InvoiceLineTriggerHandlerTest"
"01p04000000E0UJAA0","ApexClass","CPQ_TestsCache","01p04000000DzHtAAK","ApexClass","CreditNoteTriggerHandlerTest"
"01p04000000E0UJAA0","ApexClass","CPQ_TestsCache","01p04000000DzI1AAK","ApexClass","DebitNoteTriggerHandlerTest"
"01p04000000E0UJAA0","ApexClass","CPQ_TestsCache","01p04000000E2D0AAK","ApexClass","CPQ_ContractTriggerHandlerTest"
"01p04000000E0UJAA0","ApexClass","CPQ_TestsCache","01p04000000E2D5AAK","ApexClass","CPQ_OrderProductTriggerHandlerTest"
"01p04000000E0UJAA0","ApexClass","CPQ_TestsCache","01p04000000E2DFAA0","ApexClass","OpportunityTriggerHandlerTest"
"01p04000000E0UJAA0","ApexClass","CPQ_TestsCache","01p04000000E7j6AAC","ApexClass","SubscriptionTriggerHandlerTest"
"01p04000000E0UJAA0","ApexClass","CPQ_TestsCache","01p04000000EDy2AAG","ApexClass","ContactTriggerHandlerTest"
"01p04000000E0UJAA0","ApexClass","CPQ_TestsCache","01p04000000EeMeAAK","ApexClass","CPQ_OrderOpportunityEventTest"
"01p04000000E0UJAA0","ApexClass","CPQ_TestsCache","01p04000000EsFRAA0","ApexClass","CPQ_ActivateOrderBatchTest"
"01p04000000E1HLAA0","ApexClass","OrderTriggerHandler","01p04000000E2NNAA0","ApexClass","OrderTriggerHandlerTest"
"01p04000000E1HLAA0","ApexClass","OrderTriggerHandler","01q040000008VANAA2","ApexTrigger","OrderTrigger"
"01p04000000E1zwAAC","ApexClass","InvoiceTriggerHandler","01q040000008VEjAAM","ApexTrigger","InvoiceTrigger"
"01p04000000E2LiAAK","ApexClass","ApexUtils","01p04000000DzHJAA0","ApexClass","AccountTriggerHandler"
"01p04000000E2LiAAK","ApexClass","ApexUtils","01p04000000DzHdAAK","ApexClass","CPQ_OrderProductTriggerHandler"
"01p04000000E2LiAAK","ApexClass","ApexUtils","01p04000000DzIUAA0","ApexClass","OpportunityTriggerHandler"
"01p04000000E2LiAAK","ApexClass","ApexUtils","01p04000000E1HLAA0","ApexClass","OrderTriggerHandler"
"01p04000000E2LiAAK","ApexClass","ApexUtils","01p04000000E8siAAC","ApexClass","ApexUtilsTest"
"01p04000000E2LnAAK","ApexClass","CPQ_ContractTriggerHandler","01q040000008VGGAA2","ApexTrigger","CPQ_ContractTrigger"
"01p04000000EErqAAG","ApexClass","ParseSelectedChoices","01p04000000EWfiAAG","ApexClass","ParseSelectedChoicesTest"
"01p04000000EeMKAA0","ApexClass","CPQ_OrderOpportunityEvent","01p04000000EeMeAAK","ApexClass","CPQ_OrderOpportunityEventTest"
"01p04000000EeMKAA0","ApexClass","CPQ_OrderOpportunityEvent","01p04000000Egy1AAC","ApexClass","GenericPlatformEventHelper"
"01p04000000EgxwAAC","ApexClass","GenericPlatformEventTypeHelper","01p04000000Egy1AAC","ApexClass","GenericPlatformEventHelper"
"01p04000000Egy1AAC","ApexClass","GenericPlatformEventHelper","01p04000000DzIUAA0","ApexClass","OpportunityTriggerHandler"
"01p04000000Egy1AAC","ApexClass","GenericPlatformEventHelper","01p04000000E1HLAA0","ApexClass","OrderTriggerHandler"
"01p04000000Egy1AAC","ApexClass","GenericPlatformEventHelper","01p04000000EeMeAAK","ApexClass","CPQ_OrderOpportunityEventTest"
"01p04000000Egy1AAC","ApexClass","GenericPlatformEventHelper","01p04000000EgyGAAS","ApexClass","GenericPlatformEventHelperTest"
"01p04000000Egy1AAC","ApexClass","GenericPlatformEventHelper","01q040000008Y4wAAE","ApexTrigger","GenericPlatformEvent"
"01p04000000EsBuAAK","ApexClass","CPQ_ActivateOrderBatch","01p04000000EsFRAA0","ApexClass","CPQ_ActivateOrderBatchTest"
"01p2J0000046h55QAA","ApexClass","SalesReadyOppController","01p2J0000046h56QAA","ApexClass","SalesReadyOppControllerTest"
"01p2J0000046h55QAA","ApexClass","SalesReadyOppController","0662J000001Nb0LQAS","ApexPage","SalesReadyOpp"
"01p2J000004ReQVQA0","ApexClass","AccountNDAController","01p2J000004ReQWQA0","ApexClass","AccountNDAControllerTest"
"01p2J000004ReQVQA0","ApexClass","AccountNDAController","0662J000001tikWQAQ","ApexPage","AccountNDA"
"01p2J000004RgLrQAK","ApexClass","IMPTechRequestsController","01p2J000004RgLsQAK","ApexClass","IMPTechRequestsControllerTest"
"01p2J000004RgLrQAK","ApexClass","IMPTechRequestsController","0662J000001tj05QAA","ApexPage","IMPTechRequest"
"01p2J000004Rj6EQAS","ApexClass","TaskHandler","01q2J000000DvIOQA0","ApexTrigger","TaskContactActivityCount"
"01p2J000004YkvXQAS","ApexClass","GainsightAtRiskClass","01p2J000004YkvYQAS","ApexClass","TestGainsightAtRiskClass"
"01p2J000004YkvXQAS","ApexClass","GainsightAtRiskClass","0662J000001VDOUQA4","ApexPage","GainsightAtRiskSection"
"01p2J000004Yr1HQAS","ApexClass","EventTriggerHelper","01q2J000000ItFZQA0","ApexTrigger","EventTrigger"
"01p2J000004Yr1JQAS","ApexClass","MassTransactor","01p2J000004Yr1MQAS","ApexClass","MassTransactorTest"
"01p2J000004Yr1KQAS","ApexClass","MassTransactorBatchHelper","01p2J000004Yr1JQAS","ApexClass","MassTransactor"
"01p2J000004Yr1KQAS","ApexClass","MassTransactorBatchHelper","01p2J000004Yr1LQAS","ApexClass","MassTransactorBatchHelperTest"
"01p2J000004Yt2yQAC","ApexClass","MicrobatchSelfRegController","01p2J000004Yt2zQAC","ApexClass","MicrobatchSelfRegControllerTest"
"01p2J000004Yt2yQAC","ApexClass","MicrobatchSelfRegController","0662J000001VFIhQAO","ApexPage","MicrobatchSelfReg"
"01p2J000004g5XBQAY","ApexClass","DNB_LinkageBatchScheduler","08e04000007V8DOAA0","CronTrigger","08e04000007V8DOAA0"
"01p2J000004g8xuQAA","ApexClass","CustomerJourney_Doc_Controller","01p2J000004g8xvQAA","ApexClass","CustomerJourney_Doc_Controller_Test"
"01p2J000004g8xuQAA","ApexClass","CustomerJourney_Doc_Controller","0662J000001xodiQAA","ApexPage","Customer_Journey_Document"
"01p2J000004gAF1QAM","ApexClass","CustomerJourney_Doc_from_Case_Controller","01p2J000004gAF2QAM","ApexClass","CustomerJourney_Doc_from_Case_Test"
"01p2J000004gAF1QAM","ApexClass","CustomerJourney_Doc_from_Case_Controller","0662J000001xooHQAQ","ApexPage","Attach_File_to_Case_and_CER"
"01p2J000004jzbbQAA","ApexClass","OpenCases","01p2J000004jzbcQAA","ApexClass","OpenCasesTest"
"01p2J000004jzbbQAA","ApexClass","OpenCases","0662J0000021woLQAQ","ApexPage","OpenCases"
"01p2J000004k00gQAA","ApexClass","MockHttpResponseGenerator","01p2J000004k00hQAA","ApexClass","Pass_Text_to_SAP_Resolve_test"
"01p2J000004k00iQAA","ApexClass","SAP_Resolve_Text_to_BOOMI","01q2J000000kBJsQAM","ApexTrigger","Pass_Text_to_SAP_Resolve"
"01p2J000004k0aIQAQ","ApexClass","HelperClass","01p2J000004k0aHQAQ","ApexClass","ContactHandler"
"01p2J000004k0aIQAQ","ApexClass","HelperClass","01p2J000004k0aJQAQ","ApexClass","LeadHandler"
"01p2J000004k0aIQAQ","ApexClass","HelperClass","01q50000000IktQAAS","ApexTrigger","Oppty_PCR_Validation"
"01p2J000004k0aJQAQ","ApexClass","LeadHandler","01q2J000000kBOeQAM","ApexTrigger","LeadHandler"
"01p2J000004k0ddQAA","ApexClass","brKnowledgeDataCategoryUtilCtrl","01p2J000004k0deQAA","ApexClass","brKnowledgeDataCategoryUtilCtrlTest"
"01p2J000004k0dfQAA","ApexClass","brKnowledgeDataCategoryUtilHelper","01p2J000004k0ddQAA","ApexClass","brKnowledgeDataCategoryUtilCtrl"
"01p2J000004k0dfQAA","ApexClass","brKnowledgeDataCategoryUtilHelper","01p2J000004k0dgQAA","ApexClass","brKnowledgeDataCategoryUtilHelperTest"
"01p2J000004k0dhQAA","ApexClass","brKnowledgeDataCategoryWrapper","01p2J000004k0ddQAA","ApexClass","brKnowledgeDataCategoryUtilCtrl"
"01p2J000004k0dhQAA","ApexClass","brKnowledgeDataCategoryWrapper","01p2J000004k0deQAA","ApexClass","brKnowledgeDataCategoryUtilCtrlTest"
"01p2J000004k0dhQAA","ApexClass","brKnowledgeDataCategoryWrapper","01p2J000004k0dfQAA","ApexClass","brKnowledgeDataCategoryUtilHelper"
"01p2J000004k0dhQAA","ApexClass","brKnowledgeDataCategoryWrapper","01p2J000004k0dgQAA","ApexClass","brKnowledgeDataCategoryUtilHelperTest"
"01p2J000004k0iYQAQ","ApexClass","LUTestDataFactory","01p2J000004k0ibQAA","ApexClass","UpdateLUUserControllerTest"
"01p2J000004k0iZQAQ","ApexClass","LearnUponIntegration","01p2J000004k0icQAA","ApexClass","UpdateLearnUponUserController"
"01p2J000004k0iaQAA","ApexClass","LearnUponMockResponse","01p2J000004k0ibQAA","ApexClass","UpdateLUUserControllerTest"
"01p2J000004k0icQAA","ApexClass","UpdateLearnUponUserController","01p2J000004k0ibQAA","ApexClass","UpdateLUUserControllerTest"
"01p2J000004k0icQAA","ApexClass","UpdateLearnUponUserController","0662J0000021x6eQAA","ApexPage","UpdateLearnUponUser"
"01p2J000004k0ndQAA","ApexClass","SIMPLUS_tempUpdate","01p2J000004k0neQAA","ApexClass","SIMPLUS_tempUpdateTest"
"01p2J000004k0qmQAA","ApexClass","ChatterAnswersRegistration","01p2J000004k0qpQAA","ApexClass","ChatterAnswersAuthProviderRegistration"
"01p2J000004k0r1QAA","ApexClass","JiveDiscussionBatchable","01p2J000004k0r2QAA","ApexClass","JiveDiscussionBatchableTest"
"01p2J000004k0r3QAA","ApexClass","JiveUtil","01p2J000004k0r1QAA","ApexClass","JiveDiscussionBatchable"
"01p2J000004k0r3QAA","ApexClass","JiveUtil","01p2J000004k0r4QAA","ApexClass","JiveUtilTest"
"01p2J000004k3KtQAI","ApexClass","TaskHandlerUtility","01p2J000004Rj6EQAS","ApexClass","TaskHandler"
"01p2J000004k3KtQAI","ApexClass","TaskHandlerUtility","01p2J000004k3KsQAI","ApexClass","TaskHandlerTest"
"01p2J000004k54XQAQ","ApexClass","BP_UpdateCommUser","01p2J000004k54YQAQ","ApexClass","BP_UpdateCommUser_Test"
"01p2J000004k54XQAQ","ApexClass","BP_UpdateCommUser","01p2J000004k54ZQAQ","ApexClass","LastLogin_CommunityUser"
"01p2J000004k54ZQAQ","ApexClass","LastLogin_CommunityUser","01p2J000004k54aQAA","ApexClass","LastLogin_CommunityUser_Test"
"01p2J000004k5XvQAI","ApexClass","Partners","01p2J000004k5XwQAI","ApexClass","PartnersTest"
"01p2J000004k5XvQAI","ApexClass","Partners","0662J0000021yAaQAI","ApexPage","Partners"
"01p2J000004k5ZrQAI","ApexClass","FutureAccountTransferSchedulableBatch","01p2J000004k5ZsQAI","ApexClass","FutureAccountTransferTest"
"01p2J000004k6QmQAI","ApexClass","AttendeeNamestoEMR","01q2J000000kBuyQAE","ApexTrigger","AttendeeHandler"
"01p2J000004k6ZLQAY","ApexClass","BP_Send_Weekly_Project_Email_for_US","01p2J000004k6ZKQAY","ApexClass","BP_Send_Weekly_Project_Email_US_Test"
"01p2J000004k6ZLQAY","ApexClass","BP_Send_Weekly_Project_Email_for_US","01p2J000004k6ZNQAY","ApexClass","Schedule_Project_Status_Emails_for_US"
"01p2J000004k6ZNQAY","ApexClass","Schedule_Project_Status_Emails_for_US","01p2J000004k6ZMQAY","ApexClass","Schedule_Project_Status_Emails_US_Test"
"01p2J000004k6d2QAA","ApexClass","AttachmentHandler","01p2J000004k6d3QAA","ApexClass","AttachmentHandlerTest"
"01p2J000004k6d2QAA","ApexClass","AttachmentHandler","01q2J000000kBx4QAE","ApexTrigger","AttachmentTriggerBL"
"01p2J000004k6d8QAA","ApexClass","BP_Send_Weekly_Project_Email_for_EMEA","01p2J000004k6d7QAA","ApexClass","BP_Send_Weekly_Project_Email_EMEA_Test"
"01p2J000004k6d8QAA","ApexClass","BP_Send_Weekly_Project_Email_for_EMEA","01p2J000004k6dAQAQ","ApexClass","Schedule_Project_Status_Emails_for_EMEA"
"01p2J000004k6dAQAQ","ApexClass","Schedule_Project_Status_Emails_for_EMEA","01p2J000004k6d9QAA","ApexClass","Schedule_Project_Status_Emails_EMEA_Test"
"01p2J000004k8KyQAI","ApexClass","Acct_Hierarchy_for_Account_Plan","01p2J000004k8KxQAI","ApexClass","Account_Plan_Test"
"01p2J000004k8KyQAI","ApexClass","Acct_Hierarchy_for_Account_Plan","0662J0000021yrDQAQ","ApexPage","Acct_Hierarchy_for_Account_Plan"
"01p2J000004k8KzQAI","ApexClass","Agreements_for_Account_Plan","01p2J000004k8KxQAI","ApexClass","Account_Plan_Test"
"01p2J000004k8KzQAI","ApexClass","Agreements_for_Account_Plan","0662J0000021yrEQAQ","ApexPage","Agreements_for_Account_Plan"
"01p2J000004k8L0QAI","ApexClass","ContactRoles_for_Account_Plan","01p2J000004k8KxQAI","ApexClass","Account_Plan_Test"
"01p2J000004k8L0QAI","ApexClass","ContactRoles_for_Account_Plan","0662J0000021yrFQAQ","ApexPage","ContactRoles_for_Account_Plan"
"01p2J000004k8L1QAI","ApexClass","GS_Features_for_Account_Plan","01p2J000004k8KxQAI","ApexClass","Account_Plan_Test"
"01p2J000004k8L1QAI","ApexClass","GS_Features_for_Account_Plan","0662J0000021yrGQAQ","ApexPage","GS_Features_for_Account_Plan"
"01p2J000004k8L2QAI","ApexClass","OpenOpps_for_Account_Plan","01p2J000004k8KxQAI","ApexClass","Account_Plan_Test"
"01p2J000004k8L2QAI","ApexClass","OpenOpps_for_Account_Plan","0662J0000021yrHQAQ","ApexPage","Open_Opps_for_Account_Plan"
"01p2J000004k8L3QAI","ApexClass","PartnerRoles_for_Account_Plan","01p2J000004k8KxQAI","ApexClass","Account_Plan_Test"
"01p2J000004k8L3QAI","ApexClass","PartnerRoles_for_Account_Plan","0662J0000021yrIQAQ","ApexPage","PartnerRoles_for_Account_Plan"
"01p2J000004k8L4QAI","ApexClass","Subscriptions_for_Account_Plan","01p2J000004k8KxQAI","ApexClass","Account_Plan_Test"
"01p2J000004k8L4QAI","ApexClass","Subscriptions_for_Account_Plan","0662J0000021yrJQAQ","ApexPage","Subscriptions_for_Account_Plan"
"01p2J000004k8L5QAI","ApexClass","UsageData_for_Account_Plan","01p2J000004k8KxQAI","ApexClass","Account_Plan_Test"
"01p2J000004k8L5QAI","ApexClass","UsageData_for_Account_Plan","0662J0000021yrKQAQ","ApexPage","UsageData_for_Account_Plan"
"01p50000000AteUAAS","ApexClass","ReferenceController","01p50000000AtfjAAC","ApexClass","ReferenceControllerTest"
"01p50000000AteUAAS","ApexClass","ReferenceController","066500000001D2BAAU","ApexPage","Reference"
"01p50000000AteVAAS","ApexClass","ReferenceHelper","066500000001D2CAAU","ApexPage","ReferenceContactRole"
"01p50000000HJpnAAG","ApexClass","SiteLoginController","06650000000TfKaAAK","ApexPage","SiteLogin"
"01p50000000HJpnAAG","ApexClass","SiteLoginController","06650000000TfKkAAK","ApexPage","Unauthorized"
"01p50000000HJpnAAG","ApexClass","SiteLoginController","09950000000TSNYAA4","ApexComponent","SiteLogin"
"01p50000000HJpoAAG","ApexClass","SiteRegisterController","06650000000TfKXAA0","ApexPage","SiteRegister"
"01p50000000HJppAAG","ApexClass","ChangePasswordController","06650000000TfKYAA0","ApexPage","ChangePassword"
"01p50000000HJpqAAG","ApexClass","ForgotPasswordController","06650000000TfKZAA0","ApexPage","ForgotPassword"
"01p50000000HJprAAG","ApexClass","MyProfilePageController","06650000000TfKdAAK","ApexPage","MyProfilePage"
"01p50000000HKMOAA4","ApexClass","InlineVFExpanderController","06650000000TfedAAC","ApexPage","InlineVFExpander"
"01p50000000HNJuAAO","ApexClass","Milestone1_Clone_Utility","01p50000000HPplAAG","ApexClass","ProjectManagement"
"01p50000000HPpWAAW","ApexClass","ProjectAccounting","01p50000000HPpXAAW","ApexClass","ProjectAccountingTest"
"01p50000000HPpWAAW","ApexClass","ProjectAccounting","01p50000000HPplAAG","ApexClass","ProjectManagement"
"01p50000000HPpWAAW","ApexClass","ProjectAccounting","01p50000000HPpnAAG","ApexClass","ProjectTransactionController"
"01p50000000HPpWAAW","ApexClass","ProjectAccounting","01p50000000HPpoAAG","ApexClass","ProjectTransactionControllerTest"
"01p50000000HPpWAAW","ApexClass","ProjectAccounting","01q50000000GwDLAA0","ApexTrigger","ProjectTransaction"
"01p50000000HPpWAAW","ApexClass","ProjectAccounting","01q50000000GwDMAA0","ApexTrigger","ProjectTransactionLine"
"01p50000000HPpYAAW","ApexClass","TestUtils","01p50000000HPpXAAW","ApexClass","ProjectAccountingTest"
"01p50000000HPpYAAW","ApexClass","TestUtils","01p50000000HPpmAAG","ApexClass","ProjectManagementTest"
"01p50000000HPpYAAW","ApexClass","TestUtils","01p50000000HPpoAAG","ApexClass","ProjectTransactionControllerTest"
"01p50000000HPpYAAW","ApexClass","TestUtils","01p50000000IH0iAAG","ApexClass","trac_LeadOpportunityCreationTest"
"01p50000000HPpYAAW","ApexClass","TestUtils","01p50000000IlsRAAS","ApexClass","trac_BL_FetchClosedWonOppServiceTest"
"01p50000000HPpYAAW","ApexClass","TestUtils","01p50000004VynqAAC","ApexClass","TestLeadAssignmentRules"
"01p50000000HPplAAG","ApexClass","ProjectManagement","01p50000000HPpmAAG","ApexClass","ProjectManagementTest"
"01p50000000HPplAAG","ApexClass","ProjectManagement","01p50000000HPpnAAG","ApexClass","ProjectTransactionController"
"01p50000000HPplAAG","ApexClass","ProjectManagement","01q50000000GwDaAAK","ApexTrigger","Milestone"
"01p50000000HPplAAG","ApexClass","ProjectManagement","01q50000000GwDbAAK","ApexTrigger","Project"
"01p50000000HPpnAAG","ApexClass","ProjectTransactionController","01p50000000HPpoAAG","ApexClass","ProjectTransactionControllerTest"
"01p50000000HPpnAAG","ApexClass","ProjectTransactionController","06650000000TjOVAA0","ApexPage","Bill_Against_Prepaids"
"01p50000000HPpnAAG","ApexClass","ProjectTransactionController","06650000000TjOXAA0","ApexPage","Create_Project_From_Charge"
"01p50000000HPpnAAG","ApexClass","ProjectTransactionController","06650000000TlxcAAC","ApexPage","Auto_Bill_Time"
"01p50000000HPpnAAG","ApexClass","ProjectTransactionController","06650000000TlxdAAC","ApexPage","Bill_Time"
"01p50000000HYC6AAO","ApexClass","TerritoryUtils","01p04000000DzHJAA0","ApexClass","AccountTriggerHandler"
"01p50000000HYC6AAO","ApexClass","TerritoryUtils","01p04000000DzHKAA0","ApexClass","AccountTriggerHandlerTest"
"01p50000000HYC6AAO","ApexClass","TerritoryUtils","01p50000000HVtGAAW","ApexClass","AccountDataUpdateTrigger_test"
"01p50000000HYC6AAO","ApexClass","TerritoryUtils","01p50000000HYC7AAO","ApexClass","TerritoryUtilsTests"
"01p50000000Hbi1AAC","ApexClass","NDAController","01p50000000AtfhAAC","ApexClass","NDAControllerTest"
"01p50000000Hbi1AAC","ApexClass","NDAController","06650000000TnoOAAS","ApexPage","NDA"
"01p50000000Hxd8AAC","ApexClass","GainsightOpportunityLinkBatch","01p50000000Hxd9AAC","ApexClass","GainsightOpportunityLinkBatchSchedulable"
"01p50000000Hxd8AAC","ApexClass","GainsightOpportunityLinkBatch","01p50000000HxdAAAS","ApexClass","TestGainsightOpportunityLinkBatch"
"01p50000000Hxd9AAC","ApexClass","GainsightOpportunityLinkBatchSchedulable","01p50000000HxdAAAS","ApexClass","TestGainsightOpportunityLinkBatch"
"01p50000000I7pVAAS","ApexClass","CompanyLeads","06650000000U4m2AAC","ApexPage","CompanyLeads"
"01p50000000IH0hAAG","ApexClass","trac_LeadOppCreationHelper","01p50000000IH0iAAG","ApexClass","trac_LeadOpportunityCreationTest"
"01p50000000IH0hAAG","ApexClass","trac_LeadOppCreationHelper","01q50000000H8ZPAA0","ApexTrigger","trac_Lead"
"01p50000000IH0jAAG","ApexClass","trac_TestUtils","01p50000000IH0iAAG","ApexClass","trac_LeadOpportunityCreationTest"
"01p50000000IH0jAAG","ApexClass","trac_TestUtils","01p50000000IlsRAAS","ApexClass","trac_BL_FetchClosedWonOppServiceTest"
"01p50000000IH0jAAG","ApexClass","trac_TestUtils","01p50000004VynqAAC","ApexClass","TestLeadAssignmentRules"
"01p50000000INmHAAW","ApexClass","CommunitiesLoginController","01p50000000INmIAAW","ApexClass","CommunitiesLoginControllerTest"
"01p50000000INmHAAW","ApexClass","CommunitiesLoginController","06650000000UB1bAAG","ApexPage","CommunitiesLogin"
"01p50000000INmJAAW","ApexClass","CommunitiesLandingController","01p50000000INmKAAW","ApexClass","CommunitiesLandingControllerTest"
"01p50000000INmJAAW","ApexClass","CommunitiesLandingController","06650000000UB1cAAG","ApexPage","CommunitiesLanding"
"01p50000000INmLAAW","ApexClass","CommunitiesSelfRegController","01p50000000INmMAAW","ApexClass","CommunitiesSelfRegControllerTest"
"01p50000000INmLAAW","ApexClass","CommunitiesSelfRegController","06650000000UB1dAAG","ApexPage","CommunitiesSelfReg"
"01p50000000INmNAAW","ApexClass","CommunitiesSelfRegConfirmController","01p50000000INmOAAW","ApexClass","CommunitiesSelfRegConfirmControllerTest"
"01p50000000INmNAAW","ApexClass","CommunitiesSelfRegConfirmController","06650000000UB1eAAG","ApexPage","CommunitiesSelfRegConfirm"
"01p50000000IbaeAAC","ApexClass","ProductFeedbackController","01p50000000AtfiAAC","ApexClass","ProductFeedbackControllerTest"
"01p50000000IbaeAAC","ApexClass","ProductFeedbackController","06650000000UFgyAAG","ApexPage","ProductFeedback"
"01p50000000IgOOAA0","ApexClass","CloseOppController","01p50000000IgOPAA0","ApexClass","CloseOppControllerTest"
"01p50000000IgOOAA0","ApexClass","CloseOppController","06650000000UHBbAAO","ApexPage","CloseOpp"
"01p50000000IjpYAAS","ApexClass","SFDCCaseSubmissionController","01p50000000IjpZAAS","ApexClass","SFDCCaseSubmissionControllerTest"
"01p50000000IjpYAAS","ApexClass","SFDCCaseSubmissionController","06650000000UIWQAA4","ApexPage","SFDCCaseSubmission"
"01p50000000IlsQAAS","ApexClass","trac_BL_FetchClosedWonOppService","01p50000000IlsRAAS","ApexClass","trac_BL_FetchClosedWonOppServiceTest"
"01p50000003x0K8AAI","ApexClass","RFPController","01p50000003x0K9AAI","ApexClass","RFPControllerTest"
"01p50000003x0K8AAI","ApexClass","RFPController","06650000001SyOrAAK","ApexPage","RFP"
"01p500000046awgAAA","ApexClass","QuoteApprovalController","01p500000046awhAAA","ApexClass","QuoteApprovalControllerTest"
"01p500000046awgAAA","ApexClass","QuoteApprovalController","06650000001NZjTAAW","ApexPage","Quote_Approval2"
"01p50000004KGX9AAO","ApexClass","DB_Globals","01p2J0000046gXDQAY","ApexClass","DB_Custom_Opportunity"
"01p50000004KGX9AAO","ApexClass","DB_Globals","01q2J000000RITlQAO","ApexTrigger","DB_Custom_Opportunity"
"01p50000004KGXvAAO","ApexClass","DB_TriggerHandler","01p2J0000046gXDQAY","ApexClass","DB_Custom_Opportunity"
"01p50000004KGXvAAO","ApexClass","DB_TriggerHandler","01q2J000000RITlQAO","ApexTrigger","DB_Custom_Opportunity"
"01p50000004UI1iAAG","ApexClass","NonMarketoTaskAccountLookup","01p50000004UI1jAAG","ApexClass","NonMarketoTaskAccountLookupBatch"
"01p50000004UI1jAAG","ApexClass","NonMarketoTaskAccountLookupBatch","01p50000004UI1kAAG","ApexClass","NonMarketoTaskAccountLookupBatchTest"
"01p50000004Uk0GAAS","ApexClass","SOWController","01p50000004Uk0HAAS","ApexClass","SOWControllerTest"
"01p50000004Uk0GAAS","ApexClass","SOWController","06650000001jqjbAAA","ApexPage","SOW"
"01p50000004VGRiAAO","ApexClass","SalesReadyController","01p50000004VGRjAAO","ApexClass","SalesReadyControllerTest"
"01p50000004VGRiAAO","ApexClass","SalesReadyController","06650000001jy20AAA","ApexPage","SalesReady"
"01p50000004Vc94AAC","ApexClass","PartnerNotesController","01p50000004Vc95AAC","ApexClass","PartnerNotesControllerTest"
"01p50000004Vc94AAC","ApexClass","PartnerNotesController","06650000001k1skAAA","ApexPage","PartnerNotes"
"01p50000004VynpAAC","ApexClass","LeadAssignmentRulesHandler","01q50000000H8ZPAA0","ApexTrigger","trac_Lead"
"01p50000004W02PAAS","ApexClass","EagerRollUp","01p50000004W02QAAS","ApexClass","QuoteChargeToQuote"
"01p50000004W02PAAS","ApexClass","EagerRollUp","01p50000004Y7BqAAK","ApexClass","SubscriptionProductChargeToSubscription"
"01p50000004W02PAAS","ApexClass","EagerRollUp","01p50000004bRT3AAM","ApexClass","MilestoneToProject"
"01p50000004W02PAAS","ApexClass","EagerRollUp","01p50000004blBdAAI","ApexClass","SubscriptionToAccount"
"01p50000004W02PAAS","ApexClass","EagerRollUp","01p50000004c2baAAA","ApexClass","ForecastOverrideToOpportunity"
"01p50000004W02PAAS","ApexClass","EagerRollUp","01p50000004fXCKAA2","ApexClass","QuoteAmendmentToQuote"
"01p50000004W02QAAS","ApexClass","QuoteChargeToQuote","01q50000000O1YwAAK","ApexTrigger","QuoteCharge"
"01p50000004W02RAAS","ApexClass","RollUp","01p50000004W02PAAS","ApexClass","EagerRollUp"
"01p50000004W02RAAS","ApexClass","RollUp","01p50000004W02QAAS","ApexClass","QuoteChargeToQuote"
"01p50000004W02RAAS","ApexClass","RollUp","01p50000004Y7BqAAK","ApexClass","SubscriptionProductChargeToSubscription"
"01p50000004W02RAAS","ApexClass","RollUp","01p50000004bRT3AAM","ApexClass","MilestoneToProject"
"01p50000004W02RAAS","ApexClass","RollUp","01p50000004blBdAAI","ApexClass","SubscriptionToAccount"
"01p50000004W02RAAS","ApexClass","RollUp","01p50000004c2baAAA","ApexClass","ForecastOverrideToOpportunity"
"01p50000004W02RAAS","ApexClass","RollUp","01p50000004fXCKAA2","ApexClass","QuoteAmendmentToQuote"
"01p50000004Y16dAAC","ApexClass","UpdateBillToSoldToController","01p50000004Y16eAAC","ApexClass","UpdateBillToSoldToControllerTest"
"01p50000004Y16dAAC","ApexClass","UpdateBillToSoldToController","06650000001V3duAAC","ApexPage","UpdateBillToSoldTo"
"01p50000004Y17qAAC","ApexClass","OppQualifier_Extension","01p50000004Y18AAAS","ApexClass","OppQualifier_Extension_Test"
"01p50000004Y17qAAC","ApexClass","OppQualifier_Extension","06650000001V3eOAAS","ApexPage","OppQualifier"
"01p50000004Y7BqAAK","ApexClass","SubscriptionProductChargeToSubscription","01q50000000IpOQAA0","ApexTrigger","SubscriptionProductChargeRollUp"
"01p50000004YAcYAAW","ApexClass","LinkQuoteController","01p50000004YAcZAAW","ApexClass","LinkQuoteControllerTest"
"01p50000004YAcYAAW","ApexClass","LinkQuoteController","06650000001V5hyAAC","ApexPage","LinkQuote"
"01p50000004YAmsAAG","ApexClass","ForecastOverrideRollUpHelper","01q50000000V5JBAA0","ApexTrigger","ForecastOverrideRollUp"
"01p50000004bRT3AAM","ApexClass","MilestoneToProject","01q50000000V2IYAA0","ApexTrigger","MilestoneRollUp"
"01p50000004blBdAAI","ApexClass","SubscriptionToAccount","01q50000000V3zeAAC","ApexTrigger","SubscriptionRollUp"
"01p50000004c2baAAA","ApexClass","ForecastOverrideToOpportunity","01q50000000V5JBAA0","ApexTrigger","ForecastOverrideRollUp"
"01p50000004cD5sAAE","ApexClass","CreateProjectFromTemplateService","01p04000000E1HLAA0","ApexClass","OrderTriggerHandler"
"01p50000004cDDLAA2","ApexClass","SObjectCloneMapper","01p04000000E1HLAA0","ApexClass","OrderTriggerHandler"
"01p50000004cL9hAAE","ApexClass","New_CancellationRequest_Controller","01p50000004cL9iAAE","ApexClass","New_CancellationRequest_ControllerTest"
"01p50000004cL9hAAE","ApexClass","New_CancellationRequest_Controller","06650000001c3jgAAA","ApexPage","New_Cancellation_Request"
"01p50000004fXCKAA2","ApexClass","QuoteAmendmentToQuote","01q50000000fxWjAAI","ApexTrigger","QuoteAmendmentRollUp"
"01p2J000004g2v3QAA","ApexClass","CaseStatusButtonUpdate","0Ab2J000000bsX9SAI","AuraDefinitionBundle","CaseCloseReOpenButton.2"
"01p2J000004g8hhQAA","ApexClass","AccountWarningMessage","0Ab2J000000btKySAI","AuraDefinitionBundle","AccountWarningMessage.2"
"01p2J000004k0ddQAA","ApexClass","brKnowledgeDataCategoryUtilCtrl","0Ab2J000000g0JsSAI","AuraDefinitionBundle","brKnowledgeDataCategoryUtil.2"
